"#### EXPORT DONNEES METEO POUR ""MONTRéAL"" (LAT/LON: 45.5086699/-73.5539925)",,,,,,,,,,,,,,,,,,,,,
#### DONNEES PROVENANT DE WWW.HISTORIQUE-METEO.NET - UTILISATION LIBRE A CONDITION DE MENTIONNER LEUR PROVENANCE,,,,,,,,,,,,,,,,,,,,,
#### DOC POUR LES WEATHER CODES : https://www.historique-meteo.net/weathercodes.txt,,,,,,,,,,,,,,,,,,,,,
DATE,MAX_TEMPERATURE_C,MIN_TEMPERATURE_C,WINDSPEED_MAX_KMH,TEMPERATURE_MORNING_C,TEMPERATURE_NOON_C,TEMPERATURE_EVENING_C,PRECIP_TOTAL_DAY_MM,HUMIDITY_MAX_PERCENT,VISIBILITY_AVG_KM,PRESSURE_MAX_MB,CLOUDCOVER_AVG_PERCENT,HEATINDEX_MAX_C,DEWPOINT_MAX_C,WINDTEMP_MAX_C,WEATHER_CODE_MORNING,WEATHER_CODE_NOON,WEATHER_CODE_EVENING,TOTAL_SNOW_MM,UV_INDEX,SUNHOUR,OPINION
1/1/2019,1,-4,18,1,1,-5,31.4,89,7.5,1013,68.875,2,1,-5,320,329,116,10.1,1,5.1,météo très défavorable
1/2/2019,-12,-16,4,-18,-14,-14,0,70,10,1029,31.25,0,0,-16,113,113,122,0,1,8.7,météo très défavorable
1/3/2019,-5,-11,8,-11,-8,-6,4.1,81,6.125,1021,92.5,0,0,-12,338,326,332,3.4,1,3.3,météo très défavorable
1/4/2019,0,-2,17,-2,0,-2,1.7,85,7,1010,95.25,1,0,-5,338,326,119,1.4,1,3.3,météo très défavorable
1/5/2019,1,-4,10,-4,1,-4,0,89,6.5,1009,66.375,1,0,-3,116,260,260,0,1,5.1,météo très défavorable
1/6/2019,-2,-5,23,-4,-2,-6,0.9,88,8,1024,65,0,0,-8,332,329,116,0.6,1,5.1,météo très défavorable
1/7/2019,-11,-17,8,-16,-12,-12,0,66,10,1034,45.25,0,0,-16,116,116,122,0,1,6.9,météo très défavorable
1/8/2019,1,-3,18,-4,-2,-1,15,96,4.125,1017,98.75,1,1,-8,230,296,266,3.4,1,3.4,météo très défavorable
1/9/2019,-1,-4,12,-2,-3,-3,9.6,98,2.375,1006,100,0,0,-7,338,338,338,8.2,1,3.4,météo très défavorable
1/10/2019,-5,-8,21,-6,-5,-9,3.5,76,4.5,1017,94.5,0,0,-13,338,329,332,2.9,1,3.4,météo très défavorable
1/11/2019,-14,-17,21,-17,-17,-17,0.6,67,8,1031,71.375,0,0,-25,332,119,116,0.4,1,3.4,météo très défavorable
1/12/2019,-17,-24,8,-21,-18,-18,0,73,10,1038,18,0,0,-28,116,116,116,0,1,8.7,météo très défavorable
1/13/2019,-15,-18,5,-21,-17,-17,0,76,10,1037,21.25,0,0,-18,116,116,116,0,1,8.7,météo très défavorable
1/14/2019,-11,-17,7,-19,-13,-15,0,76,10,1030,34.875,0,0,-20,116,116,122,0,1,8.7,météo très défavorable
1/15/2019,-7,-10,9,-9,-8,-7,1.3,88,6.125,1021,92.5,0,0,-12,332,332,338,1.1,1,3.4,météo très défavorable
1/16/2019,-3,-8,27,-5,-3,-9,3.4,86,4.375,1022,75.375,0,0,-11,338,230,116,1.4,1,3.4,météo très défavorable
1/17/2019,-12,-18,6,-17,-16,-14,0,82,10,1030,16.875,0,0,-21,116,116,116,0,1,8.7,météo très défavorable
1/18/2019,-8,-13,8,-14,-9,-9,3.2,82,5.375,1022,83.625,0,0,-14,338,338,335,2.2,1,3.4,météo très défavorable
1/19/2019,-14,-22,13,-20,-21,-20,0.6,60,8.625,1033,65.75,0,0,-29,116,122,338,0.5,1,3.4,météo très défavorable
1/20/2019,-16,-20,22,-19,-17,-17,27.5,74,1.375,1024,100,0,0,-29,230,230,338,9.5,1,3.4,météo très défavorable
1/21/2019,-17,-20,17,-21,-18,-18,2.5,66,4,1026,92.75,0,0,-28,338,338,329,2,1,3.4,météo très défavorable
1/22/2019,-15,-22,14,-21,-18,-15,0,63,10,1036,27.625,0,0,-29,116,116,119,0,1,8.7,météo très défavorable
1/23/2019,-4,-7,14,-8,-4,-4,11.3,89,4.875,1029,99.5,0,0,-9,338,338,302,4.9,1,3.5,météo très défavorable
1/24/2019,1,-1,13,-2,0,-1,40.8,91,6,1006,94.625,2,1,-3,308,302,335,8.5,1,3.5,météo très défavorable
1/25/2019,-6,-11,13,-10,-8,-8,1.3,74,6.625,1016,69.125,0,0,-13,119,338,371,0.6,1,3.5,météo très défavorable
1/26/2019,-14,-16,7,-17,-14,-17,0.4,80,9.375,1025,75.125,0,0,-15,332,323,116,0.2,1,5.2,météo très défavorable
1/27/2019,-4,-11,20,-14,-5,-5,6.4,77,6.125,1023,94.625,0,0,-15,326,230,338,4.3,1,3.5,météo très défavorable
1/28/2019,-11,-20,11,-19,-19,-19,0.2,57,10,1026,44.25,0,0,-25,116,116,116,0,1,8.7,météo très défavorable
1/29/2019,-6,-14,14,-16,-9,-6,7.5,80,4.625,1022,96,0,0,-19,338,338,338,6.4,1,3.5,météo très défavorable
1/30/2019,-6,-13,27,-8,-12,-13,9.3,63,4.875,1011,88.25,0,0,-21,335,332,335,7.4,1,3.5,météo très défavorable
1/31/2019,-15,-18,28,-18,-17,-15,0.3,65,8,1020,90.25,0,0,-27,122,227,326,0.1,1,3.5,météo très défavorable
2/1/2019,-14,-17,22,-17,-15,-15,0.2,63,9.375,1026,55.875,0,0,-25,119,116,116,0.1,1,7,météo très défavorable
2/2/2019,-9,-17,15,-18,-12,-9,4.5,79,6.375,1025,78.75,0,0,-22,326,338,335,2.8,1,3.7,météo très défavorable
2/3/2019,-10,-14,10,-15,-13,-10,2.9,71,7.875,1022,69.75,0,0,-19,119,119,338,2.5,1,3.7,météo très défavorable
2/4/2019,-2,-4,6,-6,-3,-2,4.7,85,3.5,1016,100,0,0,-3,284,284,296,0,1,3.7,météo très défavorable
2/5/2019,5,-3,25,5,3,-4,17.8,86,7.25,1023,77.125,6,4,-4,308,335,116,0.3,1,3.7,météo très défavorable
2/6/2019,-9,-15,8,-13,-10,-10,0,71,10,1028,66.375,0,0,-16,122,119,119,0,1,5.4,météo très défavorable
2/7/2019,0,-6,12,-6,-2,-1,2.5,85,3.125,1021,100,1,0,-7,338,284,143,1.6,1,3.8,météo très défavorable
2/8/2019,3,0,41,1,0,-5,12.9,85,4.75,1013,96,4,2,-10,299,230,230,0,1,3.8,météo très défavorable
2/9/2019,-10,-13,31,-13,-12,-12,0.3,60,18.875,1038,61.75,0,0,-23,122,122,116,0,1,3.8,météo très défavorable
2/10/2019,-9,-13,17,-16,-10,-10,0,67,16,1039,47.5,0,0,-17,116,119,116,0,1,7.1,météo très défavorable
2/11/2019,-12,-17,9,-16,-13,-13,0,66,13.75,1036,22.875,0,0,-21,116,113,116,0,1,8.7,météo très défavorable
2/12/2019,-11,-20,17,-20,-15,-11,4.9,68,9.375,1037,62.125,0,0,-26,122,119,338,4.2,1,5.4,météo très défavorable
2/13/2019,-1,-3,16,-4,-2,-2,45.7,86,6,1012,96.625,0,0,-7,338,338,338,38.8,1,4,météo très défavorable
2/14/2019,-5,-6,22,-7,-6,-6,0.3,74,12.5,1015,68.25,0,0,-12,119,326,116,0.1,1,4,météo très défavorable
2/15/2019,2,-1,20,-3,2,2,13.6,84,8.875,1014,84.25,3,0,-4,338,302,335,2.1,1,4,météo très défavorable
2/16/2019,-2,-6,20,-5,-6,-7,0.1,73,14,1015,65.375,0,0,-11,119,122,116,0,1,4,météo très défavorable
2/17/2019,-8,-15,9,-14,-11,-10,0,64,15,1025,25.5,0,0,-13,116,116,119,0,1,8.7,météo très défavorable
2/18/2019,-10,-14,14,-14,-11,-10,1,71,9.375,1026,73.875,0,0,-18,326,338,332,0.5,1,4,météo très défavorable
2/19/2019,-10,-18,11,-18,-13,-14,0,66,10,1036,21.75,0,0,-22,116,116,116,0,1,8.7,météo très défavorable
2/20/2019,-9,-18,8,-18,-10,-9,0,70,8,1036,56.375,0,0,-19,143,116,116,0,1,5.6,météo très défavorable
2/21/2019,2,-5,19,-2,2,-1,10.1,84,4.5,1020,86.25,2,0,-3,338,230,116,8.3,1,4.1,météo très défavorable
2/22/2019,-2,-7,12,-6,-3,-4,0.2,72,10,1030,55,0,0,-8,116,119,119,0,1,7.2,météo très défavorable
2/23/2019,-2,-11,11,-9,-3,-3,0,77,19.5,1033,57,0,0,-7,119,260,116,0,1,5.6,météo très défavorable
2/24/2019,3,-4,20,1,3,2,40.2,84,7.625,1023,89.75,4,1,-2,332,308,308,0.1,1,4.1,météo très défavorable
2/25/2019,-1,-12,37,-1,-5,-9,2.8,68,0.375,1015,97.875,0,0,-15,230,230,230,0,1,4.1,météo très défavorable
2/26/2019,-13,-16,24,-16,-14,-13,0.3,60,9.875,1029,48,0,0,-23,113,326,179,0.1,1,5.6,météo très défavorable
2/27/2019,-12,-18,12,-18,-13,-12,0,65,10,1030,50.875,0,0,-22,116,122,119,0,1,5.7,météo très défavorable
2/28/2019,-7,-17,10,-17,-10,-9,0,66,10,1024,23.125,0,0,-19,116,116,113,0,1,8.7,météo très défavorable
3/1/2019,-6,-13,10,-13,-7,-8,0,73,10,1025,15.625,0,0,-15,116,116,116,0,1,8.7,météo très défavorable
3/2/2019,-4,-11,12,-10,-5,-6,0.1,75,9.625,1022,70.375,0,0,-12,116,122,326,0.1,1,5.7,météo très défavorable
3/3/2019,-8,-14,20,-13,-10,-10,1.6,69,6.75,1018,88,0,0,-20,332,122,119,1.3,1,4.2,météo très défavorable
3/4/2019,-4,-14,20,-14,-4,-7,4.3,88,6.375,1018,57.125,0,0,-16,338,116,116,3.1,1,7.2,météo très défavorable
3/5/2019,-8,-17,13,-16,-10,-9,0.5,89,8.625,1015,59.25,0,0,-22,116,122,371,0.4,1,5.7,météo très défavorable
3/6/2019,-9,-16,19,-15,-10,-10,1.4,90,6.625,1019,84.25,0,0,-20,332,329,368,1.1,1,4.2,météo très défavorable
3/7/2019,-9,-20,18,-20,-12,-10,0,90,10,1023,67.25,0,0,-24,116,122,326,0,1,4.2,météo très défavorable
3/8/2019,-4,-15,24,-15,-8,-4,0,89,10,1026,48.25,0,0,-21,116,116,116,0,1,5.7,météo très défavorable
3/9/2019,-4,-12,11,-10,-4,-6,0,91,10,1031,18.375,0,0,-13,116,116,113,0,1,8.7,météo très défavorable
3/10/2019,1,-11,19,-9,-1,1,28.9,95,6.875,1030,82.625,2,1,-10,326,338,302,12.9,1,4.3,météo très défavorable
3/11/2019,2,-3,28,1,2,0,4.4,92,2.375,1013,93.875,2,0,-5,338,230,338,3.1,1,4.3,météo très défavorable
3/12/2019,-3,-9,17,-8,-5,-3,1.2,87,8.75,1024,75,0,0,-14,323,122,116,0.9,1,4.3,météo très défavorable
3/13/2019,1,-8,10,-8,-1,1,1.5,100,6.625,1026,67.75,1,0,-10,116,248,338,0.4,1,5.8,météo très défavorable
3/14/2019,2,-4,10,-4,0,1,0.4,100,5,1024,75.5,2,2,-6,116,248,248,0,1,4.3,météo très défavorable
3/15/2019,8,4,23,5,8,6,14.3,97,8.625,1010,86,8,5,2,302,296,119,0,1,6,météo très défavorable
3/16/2019,3,-3,33,1,0,0,1.1,70,6.25,1013,85.5,3,2,-7,230,227,326,0.2,1,6,météo très défavorable
3/17/2019,-3,-9,22,-9,-5,-4,0.3,80,18.25,1020,59.125,0,0,-14,116,368,371,0.2,1,7.4,météo très défavorable
3/18/2019,-3,-8,14,-8,-4,-3,0,82,19.5,1026,14.125,0,0,-11,116,113,116,0,1,11.6,météo très défavorable
3/19/2019,-2,-10,10,-11,-3,-2,0,81,11.25,1030,27.625,0,0,-8,116,116,116,0,1,12.1,météo très défavorable
3/20/2019,3,-7,9,-6,1,3,0,98,7.5,1029,57.25,3,2,-8,116,248,116,0,1,11.8,météo très défavorable
3/21/2019,4,0,9,0,3,4,3.5,98,5.625,1022,92.625,4,3,-2,266,266,296,0,1,7.8,météo très défavorable
3/22/2019,3,-3,15,2,3,1,24.5,92,7.875,1009,98.125,3,2,-1,296,317,302,0,1,7.8,météo très défavorable
3/23/2019,1,-1,25,0,-1,1,9.4,84,5.75,1014,67.25,1,0,-7,338,329,116,7.9,1,10.5,météo très défavorable
3/24/2019,1,-6,22,-3,1,-1,5.1,86,6.875,1017,71,1,0,-7,122,338,338,4.3,1,7.9,météo très défavorable
3/25/2019,-2,-7,23,-7,-4,-2,0.6,79,9.125,1021,55,0,0,-12,113,326,371,0.3,1,11.9,météo très défavorable
3/26/2019,-1,-6,18,-6,-3,-1,0.3,78,9.625,1028,22.75,0,0,-8,113,116,113,0,1,12.7,météo très défavorable
3/27/2019,3,-6,12,-6,0,3,0,87,10.375,1032,24.75,3,0,-8,116,116,116,0,1,12.7,météo très défavorable
3/28/2019,5,-1,19,0,5,4,2.2,74,18.5,1026,64.25,5,3,-3,116,119,296,0,1,11.9,météo très défavorable
3/29/2019,5,2,9,2,3,5,1.4,92,15.875,1020,75.5,5,3,-1,263,176,116,0,1,9.3,météo très défavorable
3/30/2019,2,-5,14,0,1,2,23,95,12.875,1020,85.375,2,1,-3,296,308,317,0,1,8,météo très défavorable
3/31/2019,6,-1,22,6,3,3,10.5,92,7.625,1013,94.625,6,5,-2,296,338,122,2,1,8,météo très défavorable
4/1/2019,1,-5,24,-4,-1,1,0.5,56,8.75,1023,47.75,1,0,-10,116,122,116,0.3,1,11.9,météo très défavorable
4/2/2019,7,-3,13,-3,3,6,0,79,10,1026,46.25,7,0,-5,119,116,116,0,1,12.9,météo très défavorable
4/3/2019,7,1,35,2,6,5,2.4,70,7.25,1019,72.625,7,0,-1,116,353,230,0,1,10.6,météo très défavorable
4/4/2019,2,-2,30,-2,1,1,0.3,48,8.625,1032,57.75,2,0,-8,122,116,116,0.2,1,11.9,météo très défavorable
4/5/2019,5,-2,11,-2,2,5,0.5,44,8.625,1034,40.375,5,0,-4,116,122,266,0,1,11.9,météo très défavorable
4/6/2019,7,2,19,2,6,7,5.6,89,6.625,1023,86.75,7,2,0,302,266,116,0,1,8.1,météo très défavorable
4/7/2019,11,2,4,2,9,10,0.1,80,10,1025,58.75,11,3,4,119,122,176,0,1,9.4,météo très défavorable
4/8/2019,5,-2,26,2,2,1,28.7,93,7.125,1020,98.25,5,1,-5,308,308,311,0,1,8.2,météo très défavorable
4/9/2019,1,-3,17,-3,-1,1,12.9,97,6.5,1010,96.625,1,0,-7,122,338,338,6.5,1,8.2,météo très défavorable
4/10/2019,3,-3,11,-3,1,3,2,82,7.5,1018,96.125,3,0,-6,326,122,371,1.6,1,8.2,météo très défavorable
4/11/2019,9,-2,8,-2,4,9,0.1,75,9.75,1027,22.25,9,0,-2,113,113,122,0,1,13.2,météo très défavorable
4/12/2019,10,2,12,2,4,10,0.2,77,10,1027,78.625,10,9,0,119,122,176,0,1,8.3,météo très défavorable
4/13/2019,16,7,28,12,14,15,0.8,74,9.875,1015,57.25,16,11,10,176,116,116,0,1,12,météo correcte
4/14/2019,9,4,11,4,8,7,6.9,61,9.5,1017,43,9,2,3,116,116,302,0,1,12,météo très défavorable
4/15/2019,6,4,13,4,5,6,24.2,92,5.125,1001,98.5,6,4,2,308,266,296,0.7,1,8.3,météo très défavorable
4/16/2019,7,2,24,3,6,7,1.2,65,9,1016,81.625,7,0,-1,116,176,176,0.3,1,8.3,météo très défavorable
4/17/2019,16,3,4,4,13,16,0.8,65,9.75,1022,17.625,16,1,7,113,113,116,0,1,13.4,météo correcte
4/18/2019,14,5,27,6,9,14,6,68,9.5,1022,83.375,14,9,4,119,296,296,0,1,8.4,météo très défavorable
4/19/2019,13,5,19,13,8,6,20.3,94,5.625,1009,97.625,13,12,3,302,302,302,0,1,8.4,météo très défavorable
4/20/2019,10,5,25,5,8,10,32.8,85,5.875,1011,99.25,10,7,2,302,266,176,0,1,8.4,météo très défavorable
4/21/2019,20,8,10,11,17,19,0.1,82,8,1019,54.125,20,10,12,116,119,116,0,1,12.2,météo correcte
4/22/2019,17,7,17,7,14,16,0,71,10,1024,20,17,8,7,116,116,116,0,1,13.9,météo correcte
4/23/2019,17,6,15,7,14,17,0.9,61,10,1022,51,17,9,6,116,116,176,0,1,13.3,météo correcte
4/24/2019,11,6,19,9,9,8,11.1,84,5.75,1011,100,11,9,6,296,302,266,0,1,8.7,météo défavorable
4/25/2019,15,4,5,5,12,15,0.2,72,10,1015,64,15,4,8,119,119,116,0,1,11.1,météo correcte
4/26/2019,11,6,20,6,9,11,33.9,86,7.875,1013,66.875,11,9,5,119,308,308,0,1,9.9,météo très défavorable
4/27/2019,9,3,28,7,7,6,28.2,85,7.875,1002,97,9,7,3,302,296,296,0,1,8.8,météo très défavorable
4/28/2019,10,0,17,1,7,10,0,58,10,1021,50.25,10,0,-1,119,116,116,0,1,12.2,météo très défavorable
4/29/2019,11,2,12,2,8,10,0,47,10,1031,25.875,11,0,2,116,116,116,0,1,13.4,météo très défavorable
4/30/2019,11,5,8,5,9,11,0.4,47,9.875,1030,59.75,11,0,5,317,122,116,0,1,11.3,météo très défavorable
5/1/2019,6,-3,13,2,5,3,18.4,51,8.875,1034,69.5,6,1,-1,122,119,308,0,1,10.2,météo très défavorable
5/2/2019,10,3,19,3,8,10,10.9,84,7.375,1023,97.5,10,7,0,266,122,176,0,1,9.1,météo très défavorable
5/3/2019,9,7,8,7,9,9,9.2,91,8.25,1022,98.875,9,8,7,122,302,296,0,1,9.1,météo défavorable
5/4/2019,15,7,7,8,14,14,3.7,82,9.75,1015,82.375,15,7,9,122,119,119,0,1,10.2,météo défavorable
5/5/2019,21,9,7,9,17,21,0,70,10,1014,11.625,23,8,11,116,116,113,0,1,14.5,météo favorable
5/6/2019,22,11,13,12,19,21,0.1,73,10,1014,42,24,10,14,116,116,122,0,1,13.4,météo favorable
5/7/2019,17,10,15,12,16,16,0.6,68,9.875,1023,55.5,17,8,13,119,116,116,0,1,12.4,météo correcte
5/8/2019,14,5,11,5,11,14,0,45,10,1029,8.5,14,0,4,116,116,116,0,1,14.5,météo correcte
5/9/2019,15,3,13,4,11,15,0.4,49,8.625,1031,52.25,15,6,4,116,119,266,0,1,12.4,météo correcte
5/10/2019,15,10,22,10,11,15,43.4,89,6.125,1016,100,15,13,7,308,389,356,0,1,9.3,météo très défavorable
5/11/2019,14,7,15,7,11,14,0.4,63,10,1019,63.5,14,6,6,116,176,116,0,1,12.4,météo correcte
5/12/2019,15,8,15,8,13,15,0,56,10,1020,47,15,3,9,119,116,122,0,1,12.4,météo correcte
5/13/2019,15,7,13,8,13,13,4,65,9.125,1015,84.125,15,7,8,116,119,302,0,1,9.3,météo défavorable
5/14/2019,10,6,17,7,9,10,13.7,78,7,1013,95.75,10,5,4,302,296,353,0,1,9.3,météo défavorable
5/15/2019,16,5,8,6,14,16,0.2,62,10,1012,71.5,16,6,9,122,119,116,0,1,10.4,météo très défavorable
5/16/2019,16,7,6,7,14,15,0.8,73,9.875,1012,66.625,16,8,9,119,119,176,0,1,9.4,météo défavorable
5/17/2019,14,9,10,10,13,13,1.4,81,7,1011,84.5,14,10,9,266,266,176,0,1,9.4,météo défavorable
5/18/2019,16,7,11,7,13,16,0.1,76,10,1018,74.875,16,8,8,122,176,119,0,1,9.4,météo défavorable
5/19/2019,16,10,12,11,11,16,12.8,91,8.875,1018,86.625,16,12,9,302,302,353,0,1,9.4,météo défavorable
5/20/2019,21,12,26,14,19,18,6.4,90,10,1007,85.75,23,15,17,353,353,353,0,1,9.4,météo défavorable
5/21/2019,15,8,31,8,13,15,0.2,60,9,1016,74.875,15,7,7,119,122,116,0,1,10.4,météo défavorable
5/22/2019,22,9,8,10,19,22,0,55,10,1025,13.875,24,6,14,113,116,116,0,1,14.5,météo favorable
5/23/2019,19,13,13,14,19,18,12.4,68,9.375,1022,61.75,19,14,16,116,116,308,0,1,10.5,météo correcte
5/24/2019,20,12,17,12,16,20,2,73,8.25,1019,73.25,20,11,13,266,116,116,0,1,11.5,météo défavorable
5/25/2019,20,11,15,12,19,17,11,70,9.125,1022,42.25,20,13,15,116,119,302,0,1,12.5,météo correcte
5/26/2019,21,16,18,16,18,21,8.8,87,9.375,1014,86,22,15,17,176,353,176,0,1,9.5,météo défavorable
5/27/2019,17,11,13,11,13,17,0,59,10,1019,27.75,17,8,10,119,116,116,0,1,13.5,météo correcte
5/28/2019,12,8,9,9,12,12,0.4,74,9.375,1017,64,12,8,9,119,119,119,0,1,10.5,météo défavorable
5/29/2019,20,8,9,9,17,20,0.1,68,10,1009,22.125,20,12,12,116,116,116,0,1,14.5,météo favorable
5/30/2019,21,10,20,10,18,21,0.3,78,10,1006,52.375,23,12,12,119,116,119,0,1,12.5,météo favorable
5/31/2019,17,9,15,9,16,16,1.3,46,9.875,1010,30.25,17,10,11,116,116,116,0,1,14.5,météo correcte
6/1/2019,19,10,7,10,14,18,0,61,10,1012,51.25,19,9,11,116,116,122,0,1,13.5,météo favorable
6/2/2019,18,13,11,14,15,18,7.4,91,7.75,1007,76.5,18,13,15,122,302,176,0,1,9.6,météo défavorable
6/3/2019,12,9,28,9,11,11,1.1,64,9.875,1013,53.75,12,7,7,116,353,176,0,1,11.5,météo défavorable
6/4/2019,17,7,24,8,16,13,0.6,59,9.75,1016,42.875,17,7,10,116,116,176,0,1,12.5,météo correcte
6/5/2019,20,8,11,9,18,19,0.1,72,9.625,1011,47.25,20,13,12,116,116,116,0,1,14.5,météo favorable
6/6/2019,25,11,13,12,21,22,0.3,56,8.75,1012,23.5,25,13,14,116,116,116,0,1,14.5,météo favorable
6/7/2019,25,13,21,14,22,24,0,56,10,1016,11.5,25,11,17,116,116,116,0,1,14.5,météo favorable
6/8/2019,23,13,10,13,20,22,0,50,10.375,1024,7,24,9,14,116,116,116,0,1,14.5,météo favorable
6/9/2019,29,14,10,15,25,28,0,46,19.625,1026,12.375,28,13,20,116,116,116,0,1,14.5,météo favorable
6/10/2019,28,18,19,19,25,28,0.5,56,10,1023,23.625,28,14,22,116,116,119,0,1,14.5,météo favorable
6/11/2019,20,16,27,18,17,19,32.6,82,13,1016,73.75,20,17,16,308,176,116,0,1,10.6,météo très défavorable
6/12/2019,23,12,13,13,21,23,0,56,20,1021,11.875,25,12,16,116,116,116,0,1,14.5,météo favorable
6/13/2019,19,12,23,15,19,16,0.5,55,16.625,1018,53.125,19,10,17,119,119,122,0,1,13.5,météo correcte
6/14/2019,18,7,25,13,18,14,7.4,76,12.75,1010,77,18,11,15,353,353,116,0,1,9.6,météo défavorable
6/15/2019,21,13,21,13,16,21,5,77,16.375,1013,71.875,23,14,13,266,263,296,0,1,9.6,météo défavorable
6/16/2019,22,12,9,13,21,21,4.1,66,10.25,1012,22.625,24,13,16,116,116,116,0,1,14.5,météo favorable
6/17/2019,23,13,14,15,22,22,0,54,18.75,1016,11.5,24,12,18,116,116,116,0,1,14.5,météo favorable
6/18/2019,26,15,8,16,24,25,0,59,19.5,1016,11.5,26,12,20,116,116,116,0,1,14.5,météo favorable
6/19/2019,26,17,12,18,25,25,0.4,69,9.875,1011,46.25,27,16,21,116,116,116,0,1,12.6,météo favorable
6/20/2019,20,16,18,16,18,16,5.9,87,9.5,1006,71.375,20,15,17,119,119,119,0,1,10.6,météo défavorable
6/21/2019,24,14,15,15,21,24,0.3,65,9.875,1007,53.375,25,13,17,116,176,116,0,1,13.5,météo favorable
6/22/2019,26,17,19,17,24,26,0.2,55,10,1013,35.125,26,10,20,176,176,116,0,1,13.5,météo favorable
6/23/2019,27,18,23,18,24,27,0,55,10,1015,8.875,27,12,20,116,116,116,0,1,14.5,météo favorable
6/24/2019,23,16,12,16,21,22,0,45,10,1013,32.625,24,9,17,113,116,116,0,1,12.6,météo favorable
6/25/2019,23,16,17,16,16,23,10.1,88,8.75,1010,63.75,25,19,16,122,302,356,0,1,10.6,météo correcte
6/26/2019,27,16,14,17,26,27,1.5,73,10,1016,34.375,28,17,21,116,116,353,0,1,13.5,météo favorable
6/27/2019,27,18,23,18,24,26,2.6,73,9.875,1019,43.5,28,17,20,176,116,116,0,1,13.5,météo favorable
6/28/2019,28,18,19,19,25,26,0.8,69,9.875,1021,38.5,28,16,21,116,116,119,0,1,14.5,météo favorable
6/29/2019,27,19,14,19,24,26,8.1,81,9,1017,83,28,17,21,296,176,356,0,1,9.6,météo défavorable
6/30/2019,21,15,16,18,18,21,6.6,82,9.125,1011,78.875,23,16,18,356,353,176,0,1,9.6,météo défavorable
7/1/2019,27,17,17,18,25,26,0.1,66,10,1014,21,27,17,22,116,116,116,0,1,14.5,météo favorable
7/2/2019,29,19,20,19,26,28,1.4,76,9.875,1009,34.875,29,17,21,176,116,116,0,1,13.5,météo favorable
7/3/2019,31,20,8,21,31,29,0,53,10,1013,8,31,17,25,116,116,116,0,1,14.5,météo favorable
7/4/2019,32,22,10,23,30,31,0,58,10,1019,7.625,33,18,26,116,116,116,0,1,14.5,météo favorable
7/5/2019,30,22,13,23,29,30,1,59,9.75,1019,49.375,33,22,25,116,176,176,0,1,11.6,météo favorable
7/6/2019,28,22,16,23,28,28,13.4,79,9.25,1013,76.125,30,22,26,176,356,176,0,1,9.6,météo défavorable
7/7/2019,28,16,10,17,24,25,0,49,10,1017,1,27,13,19,113,113,113,0,1,14.5,météo idéale
7/8/2019,27,18,12,18,27,25,0,54,10,1017,3.75,27,14,21,116,116,116,0,1,14.5,météo favorable
7/9/2019,29,18,18,19,26,28,0,53,10,1017,8.625,29,15,22,116,116,116,0,1,14.5,météo favorable
7/10/2019,29,20,10,21,26,29,0,65,10,1017,16.625,30,19,23,116,116,116,0,1,14.5,météo favorable
7/11/2019,26,20,24,20,26,24,6.2,71,9.125,1014,54.5,28,19,23,116,176,356,0,1,11.5,météo favorable
7/12/2019,27,20,13,20,24,26,14,84,8.375,1008,74.75,28,19,21,356,176,116,0,1,9.5,météo défavorable
7/13/2019,27,18,21,19,25,26,0.1,73,10,1011,15.625,28,16,21,116,116,116,0,1,14.5,météo favorable
7/14/2019,25,19,13,20,24,25,0.4,61,9.875,1015,43.625,26,17,22,116,116,116,0,1,13.5,météo favorable
7/15/2019,28,18,10,19,26,26,0,50,10,1018,12,28,15,22,116,116,116,0,1,14.5,météo favorable
7/16/2019,28,18,15,19,26,27,4.6,60,9.625,1017,38,29,20,22,116,119,356,0,1,12.5,météo correcte
7/17/2019,29,22,12,22,27,28,4.3,80,9.625,1013,73.625,30,20,24,116,116,176,0,1,10.5,météo défavorable
7/18/2019,27,16,14,17,25,27,0.1,56,10,1016,32.375,27,17,19,116,116,119,0,1,14.5,météo favorable
7/19/2019,30,20,22,21,27,30,1,77,9.875,1011,50,34,22,24,119,176,176,0,1,11.5,météo favorable
7/20/2019,32,23,20,24,30,31,0.1,76,10,1008,22.625,36,24,26,116,116,176,0,1,14.5,météo favorable
7/21/2019,29,22,16,24,29,28,10.1,69,9,1009,55.875,30,24,25,356,116,176,0,1,12.5,météo correcte
7/22/2019,24,17,8,18,22,23,0,49,10,1014,34,25,12,19,116,116,119,0,1,13.5,météo favorable
7/23/2019,26,19,17,19,25,25,0,59,10,1013,27.25,26,13,21,116,116,116,0,1,14.5,météo favorable
7/24/2019,25,16,9,16,22,23,0.2,60,10,1016,48.25,25,13,18,116,122,116,0,1,13.5,météo correcte
7/25/2019,26,17,15,18,23,26,0,63,10,1019,24.75,26,17,20,116,116,116,0,1,14.5,météo favorable
7/26/2019,29,19,12,19,26,29,0,70,10,1024,2.125,30,19,22,113,113,113,0,1,14.5,météo idéale
7/27/2019,30,20,11,21,28,29,0.3,62,9.875,1024,20.625,31,18,24,116,116,176,0,1,14.5,météo favorable
7/28/2019,28,20,20,21,26,27,7.6,70,9.375,1018,68.5,30,19,23,353,356,116,0,1,9.3,météo défavorable
7/29/2019,29,21,15,21,27,29,0.1,73,10,1013,20.375,30,19,24,116,116,116,0,1,14.5,météo favorable
7/30/2019,31,23,19,23,29,29,2.3,66,9.625,1012,40,32,19,26,116,176,176,0,1,12.4,météo favorable
7/31/2019,28,22,13,22,28,27,5.7,68,9.125,1016,77.75,29,20,25,176,176,176,0,1,9.3,météo défavorable
8/1/2019,28,19,9,20,27,25,0,43,10,1021,5.875,27,12,23,113,116,116,0,1,14.5,météo favorable
8/2/2019,28,19,15,19,25,27,0,51,10,1021,7,27,14,21,116,116,116,0,1,14.5,météo favorable
8/3/2019,26,19,20,19,25,25,3.5,60,10,1017,25.125,27,17,21,116,116,353,0,1,13.5,météo favorable
8/4/2019,24,15,10,15,22,23,0.1,56,10,1016,24.625,25,14,18,116,116,116,0,1,14.5,météo favorable
8/5/2019,25,17,14,17,23,25,0,50,10,1016,4.625,26,13,20,116,113,116,0,1,14.5,météo idéale
8/6/2019,29,18,13,18,26,28,0.2,62,9.75,1012,23.125,30,18,21,116,116,176,0,1,14.5,météo favorable
8/7/2019,25,18,13,21,25,22,2,77,8.375,1009,66.375,26,19,22,116,119,296,0,1,11.3,météo défavorable
8/8/2019,27,20,19,20,25,27,17.4,83,8.75,1006,73.125,29,19,22,308,176,353,0,1,10.2,météo très défavorable
8/9/2019,24,17,22,17,22,23,1.4,70,9.75,1004,39.125,25,14,19,200,176,386,0,1,13.4,météo favorable
8/10/2019,21,16,19,16,19,21,2.1,64,9.625,1009,60.625,23,13,17,116,116,176,0,1,12.4,météo correcte
8/11/2019,25,15,23,15,22,25,0,62,10,1013,37.875,26,15,18,116,116,119,0,1,14.5,météo favorable
8/12/2019,27,18,20,19,24,26,2.8,67,9.5,1012,62,27,17,21,116,176,176,0,1,11.3,météo correcte
8/13/2019,27,18,15,20,25,25,1.1,66,9.875,1010,41.125,26,17,21,116,116,176,0,1,14.5,météo favorable
8/14/2019,25,14,12,14,22,23,0.5,57,9.875,1015,34.25,25,12,16,116,116,116,0,1,14.5,météo favorable
8/15/2019,24,15,10,15,23,23,0.2,56,10,1019,20.5,25,12,18,116,116,116,0,1,14.5,météo favorable
8/16/2019,28,15,5,16,24,27,3.7,72,9.875,1017,59.125,29,18,19,353,176,176,0,1,10.1,météo correcte
8/17/2019,25,18,9,18,25,23,21.3,82,8,1015,78.875,27,18,21,356,353,356,0,1,8.8,météo très défavorable
8/18/2019,28,20,8,20,26,27,0.9,73,9.75,1016,52.5,29,19,22,116,116,176,0,1,14,météo favorable
8/19/2019,28,21,24,21,24,27,4.3,83,9.875,1013,61.25,29,20,22,353,176,176,0,1,9.9,météo correcte
8/20/2019,27,19,14,19,24,27,0,56,10,1018,2.125,27,15,21,116,113,113,0,1,13.5,météo idéale
8/21/2019,24,19,12,19,23,24,7.2,73,9.625,1015,52.375,26,18,21,116,356,176,0,1,9.7,météo correcte
8/22/2019,26,19,17,20,25,25,0.2,75,10,1011,51.375,27,18,22,119,176,176,0,1,12.1,météo favorable
8/23/2019,23,17,18,17,22,22,0,58,10,1019,21.625,24,12,19,116,116,116,0,1,13.4,météo favorable
8/24/2019,23,15,13,15,21,22,0,64,10,1026,17.75,25,14,17,116,116,113,0,1,13.4,météo favorable
8/25/2019,25,14,11,14,22,25,0,60,10,1028,0,26,13,16,113,113,113,0,1,13.4,météo favorable
8/26/2019,26,17,9,17,23,26,0,65,10,1026,3.25,27,15,19,116,116,113,0,1,13.4,météo favorable
8/27/2019,24,16,14,17,23,23,0,63,10,1020,13.625,25,15,18,113,116,116,0,1,13.3,météo favorable
8/28/2019,23,15,12,18,22,19,20.6,73,8.625,1013,73,25,18,19,122,353,305,0,1,8.3,météo très défavorable
8/29/2019,24,17,19,17,23,23,7.3,76,9.625,1011,30.375,25,17,19,116,116,116,0,1,13.3,météo favorable
8/30/2019,23,15,26,16,20,22,15.5,88,9.125,1016,47.25,25,15,16,302,176,116,0,1,10.8,météo défavorable
8/31/2019,21,15,17,15,19,20,0,65,10,1026,29.5,21,10,15,116,119,116,0,1,13.2,météo correcte
9/1/2019,23,14,10,14,21,22,0,66,10,1029,32.75,25,12,16,119,116,116,0,1,13.2,météo favorable
9/2/2019,20,16,12,16,19,20,29.3,91,6.625,1020,82.5,20,16,17,308,263,176,0,1,10.7,météo très défavorable
9/3/2019,21,13,10,13,18,20,0.1,65,10,1019,52.375,21,12,13,116,116,119,0,1,13.1,météo favorable
9/4/2019,23,15,31,18,21,20,19.5,88,7.875,1013,82.625,25,17,18,308,356,176,0,1,8.2,météo très défavorable
9/5/2019,20,13,16,13,19,20,0,62,10,1020,15.375,20,9,14,116,116,116,0,1,13.1,météo favorable
9/6/2019,21,13,12,13,19,20,0.1,67,10,1019,35.625,22,12,15,116,116,176,0,1,13,météo favorable
9/7/2019,20,10,10,15,20,16,3.5,61,9.875,1013,57.875,21,12,15,116,119,353,0,1,11.9,météo correcte
9/8/2019,17,13,19,13,16,16,1.2,68,9.875,1022,79.75,17,11,13,119,353,176,0,1,8.1,météo défavorable
9/9/2019,19,10,6,11,17,19,0,60,10,1028,28,19,8,14,116,119,116,0,1,12.9,météo correcte
9/10/2019,19,10,9,11,17,16,5.4,65,9.625,1029,55.75,19,13,13,116,116,302,0,1,10.6,météo correcte
9/11/2019,24,17,18,17,21,22,4.7,94,9.375,1020,92.5,25,18,18,353,176,176,0,1,8,météo défavorable
9/12/2019,20,11,13,11,17,20,0,70,10,1028,14.25,20,8,12,116,113,113,0,1,12.8,météo favorable
9/13/2019,19,9,16,9,17,19,0,59,10,1032,9,19,7,10,116,116,116,0,1,12.8,météo favorable
9/14/2019,22,13,24,13,18,20,9.6,83,9.5,1023,91.125,23,15,12,302,353,353,0,1,8,météo défavorable
9/15/2019,18,11,21,14,17,17,0,68,10,1019,19.25,18,10,13,116,116,116,0,1,12.7,météo favorable
9/16/2019,19,0,10,0,0,19,0,60,10,1020,35.5,20,8,14,116,122,116,0,1,11.9,météo très défavorable
9/17/2019,19,14,11,14,18,18,0,64,10,1024,8.875,19,10,15,113,116,116,0,1,12.7,météo favorable
9/18/2019,21,10,9,11,18,20,0,67,10,1027,4.875,21,10,11,116,116,113,0,1,12.6,météo favorable
9/19/2019,21,11,9,12,18,20,0,55,10,1028,5.625,21,7,13,113,116,116,0,1,11.6,météo favorable
9/20/2019,22,14,16,14,20,22,0,67,10,1024,18.625,25,14,15,116,116,116,0,1,11.6,météo favorable
9/21/2019,27,17,8,17,23,27,0,78,10,1023,25.75,29,18,19,116,116,113,0,1,11.6,météo favorable
9/22/2019,24,18,18,18,24,24,0.1,68,10,1020,29.5,26,18,20,116,176,116,0,1,10.2,météo favorable
9/23/2019,25,19,22,23,23,23,13.2,81,8.5,1007,78.625,26,19,22,263,302,176,0,1,6,météo défavorable
9/24/2019,18,13,13,15,16,16,2.7,73,10,1010,92.125,18,15,14,353,122,176,0,1,6,météo défavorable
9/25/2019,19,12,10,12,17,18,0,74,10,1012,50.875,19,10,14,116,116,116,0,1,11.6,météo favorable
9/26/2019,18,14,18,17,18,15,9.3,80,9.375,1009,87.375,18,14,14,119,302,176,0,1,6,météo défavorable
9/27/2019,19,11,15,11,16,18,0.1,74,10,1018,19.625,19,9,12,116,116,116,0,1,11.6,météo favorable
9/28/2019,17,15,15,15,17,17,9.3,93,8.25,1018,78,17,17,16,122,302,299,0,1,6,météo défavorable
9/29/2019,16,9,12,9,13,16,0,58,10,1030,15.125,16,10,8,116,116,116,0,1,11.6,météo correcte
9/30/2019,15,7,11,8,12,14,0,58,10,1031,24.125,15,4,6,116,116,116,0,1,11.6,météo correcte
10/1/2019,16,9,12,11,15,16,4.8,94,8.375,1022,90.625,16,18,12,296,266,296,0,1,5.9,météo défavorable
10/2/2019,16,7,18,13,12,11,2.9,64,9.875,1020,45.25,16,17,10,116,176,116,0,1,10.2,météo correcte
10/3/2019,11,5,12,5,9,10,0.2,58,9.625,1024,31,11,1,3,116,116,122,0,1,11.6,météo très défavorable
10/4/2019,12,6,17,6,10,10,4.8,71,8.875,1028,53.125,12,4,5,122,113,116,0,1,8.7,météo défavorable
10/5/2019,15,7,6,7,13,13,0,62,10,1033,1.125,15,2,9,113,113,113,0,1,11.6,météo correcte
10/6/2019,15,6,19,7,12,15,1,73,8.875,1027,63,16,13,7,116,122,266,0,1,7.3,météo correcte
10/7/2019,16,12,15,13,14,15,12.1,85,6.375,1018,86.625,16,14,11,302,263,176,0,1,7.1,météo défavorable
10/8/2019,18,9,12,10,15,18,0.4,70,10,1029,15.875,18,9,9,113,113,113,0,1,8.7,météo favorable
10/9/2019,15,8,12,10,13,14,0,72,10,1031,56.75,15,8,8,122,116,122,0,1,4.2,météo correcte
10/10/2019,16,8,16,9,13,15,0,66,10,1030,65.625,16,7,7,122,116,119,0,1,5.7,météo défavorable
10/11/2019,17,8,18,8,14,16,0,60,10,1029,8.25,17,6,7,116,113,116,0,1,8.7,météo correcte
10/12/2019,17,9,7,9,14,16,0.1,71,10,1021,67,17,10,11,122,122,176,0,1,4.2,météo défavorable
10/13/2019,16,8,10,9,13,14,0,63,10,1019,8.5,16,8,8,113,113,113,0,1,8.7,météo correcte
10/14/2019,14,9,21,9,14,10,0.2,65,10,1016,48,14,5,10,122,122,176,0,1,5.7,météo correcte
10/15/2019,12,6,16,6,10,12,0,70,10,1020,14.625,12,3,4,116,116,116,0,1,8.7,météo défavorable
10/16/2019,16,8,21,8,13,15,0.1,63,9.75,1018,51.375,16,6,7,116,116,119,0,1,8.7,météo correcte
10/17/2019,11,0,40,8,7,6,87.3,88,5.625,1000,97.875,11,7,2,308,308,302,0,1,4.1,météo très défavorable
10/18/2019,12,7,24,9,12,10,2.6,66,7.25,1013,65.25,12,5,7,266,116,116,0,1,7.2,météo défavorable
10/19/2019,10,5,10,5,9,10,0,63,10,1018,4.75,10,2,5,113,116,116,0,1,8.7,météo très défavorable
10/20/2019,14,5,10,5,11,13,0,71,10,1018,12.875,14,7,5,116,116,116,0,1,8.7,météo correcte
10/21/2019,15,7,8,8,13,13,0,80,10,1021,25,15,7,8,116,116,119,0,1,8.7,météo correcte
10/22/2019,15,10,20,10,14,13,22,80,8.75,1019,69,15,11,10,119,116,308,0,1,8.7,météo très défavorable
10/23/2019,14,11,21,12,13,12,40.4,79,8.25,1015,71.5,14,11,11,305,116,176,0,1,8.7,météo très défavorable
10/24/2019,12,8,23,8,11,11,2.1,75,6.25,1023,66.875,12,8,7,116,266,266,0,1,5.5,météo défavorable
10/25/2019,10,6,12,6,9,9,0,76,10,1027,49.125,10,4,5,122,116,116,0,1,5.5,météo défavorable
10/26/2019,13,5,8,6,11,10,0,73,10,1026,33.375,13,3,5,116,113,122,0,1,8.7,météo correcte
10/27/2019,7,4,22,6,7,7,42.2,90,7.625,1025,91,9,8,3,296,308,308,0,1,3.8,météo très défavorable
10/28/2019,13,9,5,9,11,13,0.3,88,7.375,1023,83.875,13,10,9,119,122,116,0,1,3.8,météo défavorable
10/29/2019,15,9,15,9,14,14,0,85,10,1023,47.125,15,9,9,116,119,119,0,1,7.1,météo correcte
10/30/2019,15,11,6,12,14,13,0.9,88,7,1024,95.125,15,11,12,266,119,176,0,1,3.8,météo défavorable
10/31/2019,15,10,11,11,14,14,56.4,96,4.375,1018,100,15,14,12,296,266,308,0,1,3.8,météo très défavorable
11/1/2019,11,1,51,8,4,4,45.4,67,6.875,1021,87.5,11,11,-3,320,176,116,0,1,3.8,météo très défavorable
11/2/2019,7,1,8,1,5,6,0,59,10,1024,39.375,7,0,0,119,116,119,0,1,8.7,météo très défavorable
11/3/2019,6,3,18,4,5,5,1.6,82,9.625,1018,93.75,6,2,0,182,176,176,0,1,3.8,météo très défavorable
11/4/2019,6,1,17,2,5,6,0.1,75,9.875,1024,62.75,7,0,-1,116,122,116,0,1,5.4,météo très défavorable
11/5/2019,8,5,17,7,8,8,16,84,7.75,1019,89.25,8,6,4,296,302,176,0,1,3.7,météo très défavorable
11/6/2019,5,2,22,3,3,3,0.1,63,10,1025,55.125,5,1,-2,119,116,116,0,1,8.7,météo très défavorable
11/7/2019,2,-1,14,1,0,1,10.5,95,4.625,1024,97.125,2,1,-4,338,338,122,8.8,1,3.7,météo très défavorable
11/8/2019,1,-3,15,-2,0,0,0.5,60,9.5,1023,88,1,0,-7,119,368,179,0.1,1,3.7,météo très défavorable
11/9/2019,1,-4,16,-4,-1,1,0,71,10,1024,60.375,1,0,-8,116,122,122,0,1,5.4,météo très défavorable
11/10/2019,4,-1,21,-1,3,3,1.1,78,8.875,1016,93.75,4,1,-5,119,317,338,0.3,1,3.7,météo très défavorable
11/11/2019,-1,-6,10,-3,-2,-4,4.5,76,5.625,1025,87.25,0,0,-6,329,332,338,3.8,1,3.7,météo très défavorable
11/12/2019,-5,-12,18,-6,-5,-7,24.9,95,3.625,1019,96.125,0,0,-12,338,338,371,21.1,1,3.7,météo très défavorable
11/13/2019,-9,-13,21,-13,-10,-10,0,91,8.625,1030,52.375,0,0,-21,116,119,143,0,1,7,météo très défavorable
11/14/2019,-3,-11,18,-10,-5,-4,1.8,93,7.125,1031,90,0,0,-13,122,338,335,1.5,1,3.6,météo très défavorable
11/15/2019,0,-7,27,-1,0,-3,2.4,89,5.375,1024,89.5,0,0,-6,338,227,311,1,1,3.6,météo très défavorable
11/16/2019,-7,-13,9,-12,-8,-8,0,91,10,1037,1.5,0,0,-16,113,113,116,0,1,8.7,météo très défavorable
11/17/2019,-7,-12,8,-11,-8,-8,0,87,10,1036,21.5,0,0,-15,116,116,116,0,1,7,météo très défavorable
11/18/2019,-4,-10,11,-9,-6,-4,0,91,9.375,1024,30.125,0,0,-14,116,116,119,0,1,8.7,météo très défavorable
11/19/2019,-1,-8,9,-2,-1,-2,8.3,98,6.125,1013,99,0,0,-5,311,320,317,0.3,1,3.6,météo très défavorable
11/20/2019,0,-7,7,-2,0,-1,5.5,100,4.375,1020,99.5,0,0,-4,338,338,317,4.1,1,3.4,météo très défavorable
11/21/2019,0,-6,9,-4,0,-1,0.3,99,4,1023,77.875,0,0,-6,116,248,248,0.1,1,5.2,météo très défavorable
11/22/2019,3,-4,35,2,2,-2,7.6,97,6.125,1010,93.75,3,3,-8,296,335,227,0.7,1,3.4,météo très défavorable
11/23/2019,2,-5,19,-4,0,1,0,77,10,1013,34.5,2,0,-8,116,119,116,0,1,8.7,météo très défavorable
11/24/2019,1,-1,10,-1,1,0,0,86,10,1006,45.375,1,0,-3,116,116,116,0,1,6.9,météo très défavorable
11/25/2019,4,0,13,1,3,2,0.1,90,9.625,1009,77.625,4,1,-2,323,119,119,0,1,3.4,météo très défavorable
11/26/2019,5,2,11,3,4,5,4.4,95,8.875,1016,90.5,5,4,0,122,302,176,0,1,3.4,météo très défavorable
11/27/2019,4,-4,19,1,3,2,25.3,94,3.875,1017,70.875,4,3,-2,143,266,308,0,1,3.4,météo très défavorable
11/28/2019,2,-2,23,0,0,0,20.2,85,6.125,1024,78,2,2,-6,338,116,116,2.5,1,5.2,météo très défavorable
11/29/2019,-2,-5,13,-3,-3,-2,0,70,10,1027,6.5,0,0,-8,113,116,116,0,1,8.7,météo très défavorable
11/30/2019,-3,-7,12,-7,-6,-3,0,61,10,1024,2.5,0,0,-12,116,113,113,0,1,8.7,météo très défavorable
12/1/2019,-6,-11,16,-6,-7,-7,0.2,72,9.625,1021,30.625,0,0,-12,113,116,326,0.2,1,8.7,météo très défavorable
12/2/2019,-3,-7,23,-7,-5,-4,0.6,74,8.75,1012,33.375,0,0,-14,116,116,116,0.3,1,8.7,météo très défavorable
12/3/2019,-1,-5,12,-5,-2,-2,0,71,10,1011,15.375,0,0,-9,116,116,116,0,1,8.7,météo très défavorable
12/4/2019,-1,-5,10,-3,-1,-1,1.8,95,6.625,1000,75.875,0,0,-6,116,338,338,1.5,1,3.4,météo très défavorable
12/5/2019,0,-5,20,-1,-1,-3,4.9,96,5.125,1011,94.75,0,0,-7,338,332,119,4.1,1,3.3,météo très défavorable
12/6/2019,-4,-6,12,-6,-4,-4,1.3,92,7.125,1018,74.625,0,0,-10,122,338,332,1,1,3.3,météo très défavorable
12/7/2019,-5,-7,12,-7,-6,-6,0.1,82,10,1030,69.375,0,0,-11,122,122,116,0,1,3.3,météo très défavorable
12/8/2019,-3,-11,20,-8,-5,-4,0.1,81,10,1031,67.5,0,0,-12,122,326,122,0,1,3.3,météo très défavorable
12/9/2019,3,-3,17,1,2,2,17.9,98,7.75,1018,100,3,4,-3,296,296,302,0,1,3.3,météo très défavorable
12/10/2019,6,-5,32,5,6,-2,5.9,92,8.25,1017,79.375,6,5,-3,296,362,116,0,1,3.3,météo très défavorable
12/11/2019,-2,-7,14,-6,-4,-2,1,44,8.5,1025,36.5,0,0,-8,116,116,230,0,1,8.7,météo très défavorable
12/12/2019,-5,-12,20,-8,-7,-6,0.1,60,9.375,1037,40.75,0,0,-15,116,116,122,0,1,8.7,météo très défavorable
12/13/2019,1,-4,15,-3,0,1,0.1,71,9.625,1032,58.5,1,0,-7,116,116,116,0,1,8.7,météo très défavorable
12/14/2019,4,1,18,1,3,4,23.2,98,6.5,1019,97.375,4,3,-2,302,302,266,0,1,3.3,météo très défavorable
12/15/2019,3,-8,37,3,0,-4,20,79,7.625,1007,90.75,3,2,-9,230,119,122,0,1,3.3,météo très défavorable
12/16/2019,-5,-9,17,-9,-7,-5,0,58,10,1023,27.875,0,0,-16,116,116,119,0,1,8.7,météo très défavorable
12/17/2019,-3,-5,5,-5,-3,-4,2.8,76,7.625,1021,71.375,0,0,-5,122,326,338,2.4,1,3.3,météo très défavorable
12/18/2019,-3,-13,15,-4,-3,-6,3.3,92,4,1010,94.875,0,0,-9,119,326,230,2,1,3.3,météo très défavorable
12/19/2019,-12,-16,27,-16,-14,-12,0,72,10,1027,75.75,0,0,-26,122,119,116,0,1,3.3,météo très défavorable
12/20/2019,-10,-15,10,-13,-11,-10,0,78,10,1040,29.25,0,0,-19,116,116,116,0,1,8.7,météo très défavorable
12/21/2019,-8,-11,8,-10,-9,-8,0,83,10,1040,61.875,0,0,-13,122,122,116,0,1,3.3,météo très défavorable
12/22/2019,1,-8,17,-5,0,1,0,91,10,1028,96.125,1,0,-7,122,122,122,0,1,3.3,météo très défavorable
12/23/2019,4,1,23,1,3,3,0,91,9,1018,88.125,4,1,-2,122,119,122,0,1,3.3,météo très défavorable
12/24/2019,0,-4,8,-4,-3,-3,0,63,10,1026,13.25,0,0,-7,116,116,116,0,1,8.7,météo très défavorable
12/25/2019,-3,-7,12,-5,-4,-3,0.1,64,9.25,1026,95.625,0,0,-9,122,122,332,0,1,3.3,météo très défavorable
12/26/2019,-3,-7,16,-5,-4,-4,0.2,69,9.75,1029,64.625,0,0,-11,116,122,122,0,1,3.3,météo très défavorable
12/27/2019,5,-1,14,0,2,5,3.8,97,5.625,1024,90.125,5,3,-2,266,296,176,0,1,3.3,météo très défavorable
12/28/2019,2,0,21,1,1,1,0,76,10,1021,44.625,2,0,-4,116,116,116,0,1,8.7,météo très défavorable
12/29/2019,0,-2,9,0,-1,-1,0,73,10,1025,32,0,0,-4,116,116,119,0,1,8.7,météo très défavorable
12/30/2019,-1,-3,30,-3,-1,-2,17.4,94,7.375,1020,90,0,0,-9,122,314,350,13.3,1,3.3,météo très défavorable
12/31/2019,0,-2,9,-2,0,0,11.3,100,1.75,1012,100,0,0,-4,338,248,338,9,1,3.3,météo très défavorable
